{"cameraMode":{"drawMode":0,"name":"Shaded","section":"Shading Mode"},"sceneLighting":false,"audioPlay":false,"sceneViewState":{"m_AlwaysRefresh":false,"showFog":true,"showSkybox":false,"showFlares":true,"showImageEffects":true,"showParticleSystems":true,"showVisualEffectGraphs":true,"m_FxEnabled":false},"in2DMode":false,"pivot":{"x":13.967643737792969,"y":1.5245273113250733,"z":-6.8092546463012699},"rotation":{"x":-0.13024701178073884,"y":0.39003899693489077,"z":0.05583915486931801,"w":0.9098308682441711},"size":0.9231003522872925,"orthographic":false}