{"cameraMode":{"drawMode":0,"name":"Shaded","section":"Shading Mode"},"sceneLighting":false,"audioPlay":false,"sceneViewState":{"m_AlwaysRefresh":false,"showFog":true,"showSkybox":false,"showFlares":true,"showImageEffects":true,"showParticleSystems":true,"showVisualEffectGraphs":true,"m_FxEnabled":true},"in2DMode":false,"pivot":{"x":0.5100002288818359,"y":0.7986067533493042,"z":-7.302094459533691},"rotation":{"x":0.1282045841217041,"y":0.18182094395160676,"z":-0.024088561534881593,"w":0.9747241139411926},"size":1.2881823778152466,"orthographic":true}