{"cameraMode":{"drawMode":0,"name":"Shaded","section":"Shading Mode"},"sceneLighting":false,"audioPlay":false,"sceneViewState":{"m_AlwaysRefresh":false,"showFog":true,"showSkybox":false,"showFlares":true,"showImageEffects":true,"showParticleSystems":true,"showVisualEffectGraphs":true,"m_FxEnabled":true},"in2DMode":false,"pivot":{"x":0.0989447832107544,"y":1.9269633293151856,"z":-18.292316436767579},"rotation":{"x":0.11588519811630249,"y":0.6926063299179077,"z":-0.11476869136095047,"w":0.7028303742408752},"size":3.7355570793151857,"orthographic":true}