{"cameraMode":{"drawMode":0,"name":"Shaded","section":"Shading Mode"},"sceneLighting":true,"audioPlay":false,"sceneViewState":{"m_AlwaysRefresh":false,"showFog":true,"showSkybox":true,"showFlares":true,"showImageEffects":true,"showParticleSystems":true,"showVisualEffectGraphs":true,"m_FxEnabled":false},"in2DMode":false,"pivot":{"x":-1.396742582321167,"y":7.551161289215088,"z":93.99078369140625},"rotation":{"x":-0.01917918398976326,"y":-0.03149387240409851,"z":-0.000603825319558382,"w":0.9993224740028381},"size":10.339081764221192,"orthographic":false}