{"cameraMode":{"drawMode":0,"name":"Shaded","section":"Shading Mode"},"sceneLighting":true,"audioPlay":false,"sceneViewState":{"m_AlwaysRefresh":false,"showFog":true,"showSkybox":true,"showFlares":true,"showImageEffects":true,"showParticleSystems":true,"showVisualEffectGraphs":true,"m_FxEnabled":true},"in2DMode":false,"pivot":{"x":-4.34256649017334,"y":-1.0502076148986817,"z":-31.504709243774415},"rotation":{"x":0.0006056982092559338,"y":0.9959929585456848,"z":-0.09019562602043152,"w":0.011153480038046837},"size":12.792292594909668,"orthographic":true}