{"cameraMode":{"drawMode":0,"name":"Shaded","section":"Shading Mode"},"sceneLighting":true,"audioPlay":false,"sceneViewState":{"m_AlwaysRefresh":false,"showFog":true,"showSkybox":true,"showFlares":true,"showImageEffects":true,"showParticleSystems":true,"showVisualEffectGraphs":true,"m_FxEnabled":true},"in2DMode":false,"pivot":{"x":1.560211181640625,"y":0.4633307456970215,"z":-20.463159561157228},"rotation":{"x":0.17590811848640443,"y":0.710301399230957,"z":-0.19120921194553376,"w":0.6543235182762146},"size":2.0253095626831056,"orthographic":true}