{"cameraMode":{"drawMode":0,"name":"Shaded","section":"Shading Mode"},"sceneLighting":true,"audioPlay":false,"sceneViewState":{"m_AlwaysRefresh":false,"showFog":true,"showSkybox":true,"showFlares":true,"showImageEffects":true,"showParticleSystems":true,"showVisualEffectGraphs":true,"m_FxEnabled":false},"in2DMode":false,"pivot":{"x":0.7292553782463074,"y":-8.66897964477539,"z":12.784496307373047},"rotation":{"x":0.00008681206963956356,"y":0.9600009322166443,"z":-0.28001660108566286,"w":0.0002883422712329775},"size":3.268582582473755,"orthographic":true}