{"cameraMode":{"drawMode":0,"name":"Shaded","section":"Shading Mode"},"sceneLighting":false,"audioPlay":false,"sceneViewState":{"m_AlwaysRefresh":false,"showFog":true,"showSkybox":false,"showFlares":true,"showImageEffects":true,"showParticleSystems":true,"showVisualEffectGraphs":true,"m_FxEnabled":false},"in2DMode":false,"pivot":{"x":11.223133087158204,"y":0.5449551939964294,"z":-6.514596939086914},"rotation":{"x":0.13720867037773133,"y":0.43386176228523257,"z":-0.06703989207744599,"w":0.8879477977752686},"size":1.4502626657485963,"orthographic":false}