{"cameraMode":{"drawMode":0,"name":"Shaded","section":"Shading Mode"},"sceneLighting":false,"audioPlay":false,"sceneViewState":{"m_AlwaysRefresh":false,"showFog":true,"showSkybox":false,"showFlares":true,"showImageEffects":true,"showParticleSystems":true,"showVisualEffectGraphs":true,"m_FxEnabled":false},"in2DMode":false,"pivot":{"x":4.245944023132324,"y":0.31693899631500246,"z":-6.543564319610596},"rotation":{"x":0.19517427682876588,"y":0.4427577555179596,"z":-0.09938440471887589,"w":0.8694852590560913},"size":1.3187086582183838,"orthographic":false}