{"cameraMode":{"drawMode":0,"name":"Shaded","section":"Shading Mode"},"sceneLighting":false,"audioPlay":false,"sceneViewState":{"m_AlwaysRefresh":false,"showFog":true,"showSkybox":false,"showFlares":true,"showImageEffects":true,"showParticleSystems":true,"showVisualEffectGraphs":true,"m_FxEnabled":false},"in2DMode":false,"pivot":{"x":4.551651954650879,"y":0.9630600214004517,"z":-7.011296272277832},"rotation":{"x":-0.07034441828727722,"y":0.48658570647239687,"z":0.03935038670897484,"w":0.8699100613594055},"size":0.8311148285865784,"orthographic":false}