{"cameraMode":{"drawMode":0,"name":"Shaded","section":"Shading Mode"},"sceneLighting":false,"audioPlay":false,"sceneViewState":{"m_AlwaysRefresh":false,"showFog":true,"showSkybox":false,"showFlares":true,"showImageEffects":true,"showParticleSystems":true,"showVisualEffectGraphs":true,"m_FxEnabled":false},"in2DMode":false,"pivot":{"x":-0.8306646347045898,"y":1.2272593975067139,"z":1.5332717895507813},"rotation":{"x":0.34431692957878115,"y":0.30051708221435549,"z":-0.11735819280147553,"w":0.8816822171211243},"size":1.2752676010131837,"orthographic":false}