{"cameraMode":{"drawMode":0,"name":"Shaded","section":"Shading Mode"},"sceneLighting":false,"audioPlay":false,"sceneViewState":{"m_AlwaysRefresh":false,"showFog":true,"showSkybox":false,"showFlares":true,"showImageEffects":true,"showParticleSystems":true,"showVisualEffectGraphs":true,"m_FxEnabled":true},"in2DMode":false,"pivot":{"x":-0.3509330749511719,"y":2.9828357696533205,"z":0.6632571220397949},"rotation":{"x":0.016640296205878259,"y":-0.9257152676582336,"z":0.040514931082725528,"w":0.37590497732162478},"size":2.539369821548462,"orthographic":true}