{"cameraMode":{"drawMode":0,"name":"Shaded","section":"Shading Mode"},"sceneLighting":false,"audioPlay":false,"sceneViewState":{"m_AlwaysRefresh":false,"showFog":true,"showSkybox":false,"showFlares":true,"showImageEffects":true,"showParticleSystems":true,"showVisualEffectGraphs":true,"m_FxEnabled":true},"in2DMode":false,"pivot":{"x":1.6700003147125245,"y":0.8602890968322754,"z":-0.1626042127609253},"rotation":{"x":-0.19703277945518495,"y":-0.012041724286973477,"z":0.0024776868522167207,"w":-0.9805055856704712},"size":1.2665647268295289,"orthographic":true}