{"cameraMode":{"drawMode":0,"name":"Shaded","section":"Shading Mode"},"sceneLighting":false,"audioPlay":false,"sceneViewState":{"m_AlwaysRefresh":false,"showFog":true,"showSkybox":false,"showFlares":true,"showImageEffects":true,"showParticleSystems":true,"showVisualEffectGraphs":true,"m_FxEnabled":false},"in2DMode":false,"pivot":{"x":2.6588454246520998,"y":2.5618205070495607,"z":0.49028491973876955},"rotation":{"x":-0.015506420284509659,"y":0.9816396832466126,"z":-0.16679775714874268,"w":-0.091258704662323},"size":4.876716613769531,"orthographic":false}