{"cameraMode":{"drawMode":0,"name":"Shaded","section":"Shading Mode"},"sceneLighting":false,"audioPlay":false,"sceneViewState":{"m_AlwaysRefresh":false,"showFog":true,"showSkybox":false,"showFlares":true,"showImageEffects":true,"showParticleSystems":true,"showVisualEffectGraphs":true,"m_FxEnabled":false},"in2DMode":false,"pivot":{"x":-2.2295680046081545,"y":-0.43431758880615237,"z":-4.073800086975098},"rotation":{"x":-0.022128839045763017,"y":0.9724578857421875,"z":-0.20758727192878724,"w":-0.10366373509168625},"size":4.963068962097168,"orthographic":false}