{"cameraMode":{"drawMode":0,"name":"Shaded","section":"Shading Mode"},"sceneLighting":false,"audioPlay":false,"sceneViewState":{"m_AlwaysRefresh":false,"showFog":true,"showSkybox":false,"showFlares":true,"showImageEffects":true,"showParticleSystems":true,"showVisualEffectGraphs":true,"m_FxEnabled":true},"in2DMode":false,"pivot":{"x":-2.059999704360962,"y":0.7986066341400147,"z":-0.004794716835021973},"rotation":{"x":-0.19703277945518495,"y":-0.012041724286973477,"z":0.0024776868522167207,"w":-0.9805055856704712},"size":1.1615875959396363,"orthographic":true}