{"cameraMode":{"drawMode":0,"name":"Shaded","section":"Shading Mode"},"sceneLighting":false,"audioPlay":false,"sceneViewState":{"m_AlwaysRefresh":false,"showFog":true,"showSkybox":false,"showFlares":true,"showImageEffects":true,"showParticleSystems":true,"showVisualEffectGraphs":true,"m_FxEnabled":true},"in2DMode":false,"pivot":{"x":9.016414642333985,"y":1.029053807258606,"z":-7.647718906402588},"rotation":{"x":0.050522901117801669,"y":0.28646692633628847,"z":-0.01530410721898079,"w":0.9567203521728516},"size":1.1320525407791138,"orthographic":true}