{"cameraMode":{"drawMode":0,"name":"Shaded","section":"Shading Mode"},"sceneLighting":false,"audioPlay":false,"sceneViewState":{"m_AlwaysRefresh":false,"showFog":true,"showSkybox":false,"showFlares":true,"showImageEffects":true,"showParticleSystems":true,"showVisualEffectGraphs":true,"m_FxEnabled":false},"in2DMode":false,"pivot":{"x":0.002868056297302246,"y":2.115267038345337,"z":-0.2327033281326294},"rotation":{"x":0.01133385207504034,"y":0.9765316843986511,"z":-0.20845654606819154,"w":0.05307795852422714},"size":11.17215633392334,"orthographic":true}