{"cameraMode":{"drawMode":0,"name":"Shaded","section":"Shading Mode"},"sceneLighting":false,"audioPlay":false,"sceneViewState":{"m_AlwaysRefresh":false,"showFog":true,"showSkybox":false,"showFlares":true,"showImageEffects":true,"showParticleSystems":true,"showVisualEffectGraphs":true,"m_FxEnabled":false},"in2DMode":false,"pivot":{"x":0.002868056297302246,"y":2.115267038345337,"z":-0.2327033281326294},"rotation":{"x":0.08207503706216812,"y":0.8393880724906921,"z":-0.13228176534175874,"w":0.5207747220993042},"size":5.930179119110107,"orthographic":true}