{"cameraMode":{"drawMode":0,"name":"Shaded","section":"Shading Mode"},"sceneLighting":false,"audioPlay":false,"sceneViewState":{"m_AlwaysRefresh":false,"showFog":true,"showSkybox":false,"showFlares":true,"showImageEffects":true,"showParticleSystems":true,"showVisualEffectGraphs":true,"m_FxEnabled":false},"in2DMode":false,"pivot":{"x":0.002868056297302246,"y":2.115267038345337,"z":-0.2327033281326294},"rotation":{"x":0.016540683805942537,"y":0.9764549732208252,"z":-0.19926901161670686,"w":0.08103606849908829},"size":5.930179119110107,"orthographic":true}