{"cameraMode":{"drawMode":0,"name":"Shaded","section":"Shading Mode"},"sceneLighting":false,"audioPlay":false,"sceneViewState":{"m_AlwaysRefresh":false,"showFog":true,"showSkybox":false,"showFlares":true,"showImageEffects":true,"showParticleSystems":true,"showVisualEffectGraphs":true,"m_FxEnabled":false},"in2DMode":false,"pivot":{"x":0.002868056297302246,"y":2.115267038345337,"z":-0.2327033281326294},"rotation":{"x":0.04072662442922592,"y":0.9072486758232117,"z":-0.4087592363357544,"w":0.09038686007261276},"size":11.450606346130371,"orthographic":true}