{"cameraMode":{"drawMode":0,"name":"Shaded","section":"Shading Mode"},"sceneLighting":false,"audioPlay":false,"sceneViewState":{"m_AlwaysRefresh":false,"showFog":true,"showSkybox":false,"showFlares":true,"showImageEffects":true,"showParticleSystems":true,"showVisualEffectGraphs":true,"m_FxEnabled":true},"in2DMode":false,"pivot":{"x":0.9365692138671875,"y":3.7417192459106447,"z":1.1008824110031129},"rotation":{"x":-0.016265124082565309,"y":0.9185609817504883,"z":-0.03742127865552902,"w":-0.393390029668808},"size":2.881512403488159,"orthographic":true}