{"cameraMode":{"drawMode":0,"name":"Shaded","section":"Shading Mode"},"sceneLighting":false,"audioPlay":false,"sceneViewState":{"m_AlwaysRefresh":false,"showFog":true,"showSkybox":false,"showFlares":true,"showImageEffects":true,"showParticleSystems":true,"showVisualEffectGraphs":true,"m_FxEnabled":true},"in2DMode":false,"pivot":{"x":-0.1077379584312439,"y":0.8904178738594055,"z":-2.1390841007232668},"rotation":{"x":0.12050085514783859,"y":0.198073148727417,"z":-0.024705512449145318,"w":0.9725270867347717},"size":0.6259670853614807,"orthographic":true}