{"cameraMode":{"drawMode":0,"name":"Shaded","section":"Shading Mode"},"sceneLighting":false,"audioPlay":false,"sceneViewState":{"m_AlwaysRefresh":false,"showFog":true,"showSkybox":false,"showFlares":true,"showImageEffects":true,"showParticleSystems":true,"showVisualEffectGraphs":true,"m_FxEnabled":true},"in2DMode":false,"pivot":{"x":2.5800228118896486,"y":4.293581962585449,"z":5.638306617736816},"rotation":{"x":-0.018944961950182916,"y":0.9531716704368591,"z":-0.06037146598100662,"w":-0.2960331439971924},"size":2.0783166885375978,"orthographic":true}