{"cameraMode":{"drawMode":0,"name":"Shaded","section":"Shading Mode"},"sceneLighting":false,"audioPlay":false,"sceneViewState":{"m_AlwaysRefresh":false,"showFog":true,"showSkybox":false,"showFlares":true,"showImageEffects":true,"showParticleSystems":true,"showVisualEffectGraphs":true,"m_FxEnabled":false},"in2DMode":false,"pivot":{"x":11.899999618530274,"y":0.7994720935821533,"z":-7.017745494842529},"rotation":{"x":0.13268154859542848,"y":0.38171881437301638,"z":-0.05546969920396805,"w":0.9130256175994873},"size":1.1554535627365113,"orthographic":false}