{"cameraMode":{"drawMode":0,"name":"Shaded","section":"Shading Mode"},"sceneLighting":false,"audioPlay":false,"sceneViewState":{"m_AlwaysRefresh":false,"showFog":true,"showSkybox":false,"showFlares":true,"showImageEffects":true,"showParticleSystems":true,"showVisualEffectGraphs":true,"m_FxEnabled":false},"in2DMode":false,"pivot":{"x":8.622349739074707,"y":0.7879515290260315,"z":-6.539039611816406},"rotation":{"x":0.20791853964328767,"y":-0.08790212124586106,"z":0.01876569539308548,"w":0.9740111231803894},"size":0.9514181613922119,"orthographic":false}