{"cameraMode":{"drawMode":0,"name":"Shaded","section":"Shading Mode"},"sceneLighting":false,"audioPlay":false,"sceneViewState":{"m_AlwaysRefresh":false,"showFog":true,"showSkybox":false,"showFlares":true,"showImageEffects":true,"showParticleSystems":true,"showVisualEffectGraphs":true,"m_FxEnabled":true},"in2DMode":false,"pivot":{"x":-0.9159080982208252,"y":1.8883335590362549,"z":-2.8754143714904787},"rotation":{"x":0.01678934134542942,"y":0.9785057306289673,"z":-0.18595929443836213,"w":0.08804315328598023},"size":3.0305380821228029,"orthographic":false}