{"cameraMode":{"drawMode":0,"name":"Shaded","section":"Shading Mode"},"sceneLighting":false,"audioPlay":false,"sceneViewState":{"m_AlwaysRefresh":false,"showFog":true,"showSkybox":false,"showFlares":true,"showImageEffects":true,"showParticleSystems":true,"showVisualEffectGraphs":true,"m_FxEnabled":true},"in2DMode":false,"pivot":{"x":-1.0928692817687989,"y":0.7986066341400147,"z":-7.289969444274902},"rotation":{"x":0.11696085333824158,"y":-0.22449396550655366,"z":0.02696882002055645,"w":0.967139482498169},"size":1.1573935747146607,"orthographic":true}